Date,Link,Message
2023-10-14 07:42:24,https://www.linkedin.com/feed/update/urn%3Ali%3AugcPost%3A7118682966335107073,CongratsğŸ‰ğŸ‰
2023-10-10 08:21:16,https://www.linkedin.com/feed/update/urn%3Ali%3Aactivity%3A7117350534084214784,mishraritesh567@gmail.com
2023-09-29 10:47:23,https://www.linkedin.com/feed/update/urn%3Ali%3Aactivity%3A7112382039047233536,I'm interested
2023-09-28 17:36:16,https://www.linkedin.com/feed/update/urn%3Ali%3Aactivity%3A7113158396542935040,"Thank you Tutornet Solutions for the opportunities, guidance, and support throughout my internship here. I will cherish the memories and lessons learned."
2023-09-09 07:10:10,https://www.linkedin.com/feed/update/urn%3Ali%3AugcPost%3A7106148877866598400,congrats Saini Ji ğŸ‰ ğŸ‰ 
2023-09-04 15:58:21,https://www.linkedin.com/feed/update/urn%3Ali%3Aactivity%3A7104447441004875776,mishraritesh567@gmail.com
2023-09-04 08:03:01,https://www.linkedin.com/feed/update/urn%3Ali%3Aactivity%3A7104123376062889984,mishraritesh567@gmail.com
2023-09-03 11:34:58,https://www.linkedin.com/feed/update/urn%3Ali%3Aactivity%3A7103782066974052352,mishraritesh567@gmail.com
2023-09-03 11:33:14,https://www.linkedin.com/feed/update/urn%3Ali%3Aactivity%3A7103797772612505600,mishraritesh567@gmail.com
2023-09-03 11:33:01,https://www.linkedin.com/feed/update/urn%3Ali%3Aactivity%3A7103728807441829888,mishraritesh567@gmail.com
2023-09-03 11:32:22,https://www.linkedin.com/feed/update/urn%3Ali%3Aactivity%3A7103655224661209088,mishraritesh567@gmail.com
2023-09-03 11:31:49,https://www.linkedin.com/feed/update/urn%3Ali%3Aactivity%3A7102673830510264320,mishraritesh567@gmail.com
2023-09-03 11:30:22,https://www.linkedin.com/feed/update/urn%3Ali%3Aactivity%3A7102673829306515456,mishraritesh567@gmail.com
2023-08-30 13:02:56,https://www.linkedin.com/feed/update/urn%3Ali%3AugcPost%3A7102613168098541568,Congrats Himanshu bhai ğŸ‰ğŸ‰
2023-08-25 14:41:36,https://www.linkedin.com/feed/update/urn%3Ali%3Aactivity%3A7100841789804228608,Congrats ShivamğŸ‰ğŸ‰
2023-08-08 04:34:50,https://www.linkedin.com/feed/update/urn%3Ali%3Aactivity%3A7094529195644526592,ğŸ‰ğŸ‰Congratulations!
2023-07-26 15:30:18,https://www.linkedin.com/feed/update/urn%3Ali%3Aactivity%3A7089828355054706688,mishraritesh567@gmail.com
2023-07-24 07:05:05,https://www.linkedin.com/feed/update/urn%3Ali%3AugcPost%3A7089118233651220480,Congratulations bhaiğŸ‰ğŸ‰
2023-07-17 12:39:58,https://www.linkedin.com/feed/update/urn%3Ali%3Aactivity%3A7086667916393218048,Congrats sirğŸ‰ğŸ‰
2023-06-19 13:51:13,https://www.linkedin.com/feed/update/urn%3Ali%3Aactivity%3A7075709941231026176,mishraritesh567@gmail.com
2023-06-18 11:10:57,https://www.linkedin.com/feed/update/urn%3Ali%3AugcPost%3A7075894700078956544,Congratulations ğŸ‰ 
2023-06-05 11:30:34,https://www.linkedin.com/feed/update/urn%3Ali%3Aactivity%3A7066416284380372992,Loved your work â¤ï¸ â­â­â­â­â­
2023-04-27 11:46:11,https://www.linkedin.com/feed/update/urn%3Ali%3Aactivity%3A7057316450688016384,Congrats sirğŸ‰ğŸ‰
2023-04-17 17:19:56,https://www.linkedin.com/feed/update/urn%3Ali%3Aactivity%3A7053774372838252544,Congratulations sir ğŸ‰ğŸ‰
2022-07-18 08:40:09,https://www.linkedin.com/feed/update/urn%3Ali%3AugcPost%3A6954593180272975872,ğŸ‰ğŸ‰CongratulationsğŸ‰
2022-04-22 10:27:06,https://www.linkedin.com/feed/update/urn%3Ali%3Aactivity%3A6922935395982725120,Congratulations sirğŸ‰ğŸ‰
2022-03-08 06:30:33,https://www.linkedin.com/feed/update/urn%3Ali%3Aactivity%3A6906790491292082176,CongratulationsğŸ‰ğŸ‰
2021-12-31 04:43:29,https://www.linkedin.com/feed/update/urn%3Ali%3AugcPost%3A6882503308616056832,Congratulations
