Organization,Followed On
DADJ Inc.,Fri Oct 13 12:26:26 UTC 2023
GoComet,Fri Oct 13 12:17:56 UTC 2023
slice,Tue Oct 10 12:48:59 UTC 2023
The Chief Circle | TCC,Fri Oct 06 12:43:04 UTC 2023
Advith Consulting LLP,Fri Oct 06 12:42:29 UTC 2023
UNIABROAD,Wed Oct 04 04:30:21 UTC 2023
Spice Advisors,Tue Oct 03 10:45:44 UTC 2023
SpotDraft,Wed Sep 27 12:51:28 UTC 2023
NIRA,Wed Sep 27 12:47:25 UTC 2023
Talentgigs,Wed Sep 27 12:35:19 UTC 2023
Tutornet Solutions,Mon Sep 25 14:36:30 UTC 2023
MAVY EduSolutions,Mon Sep 25 14:32:50 UTC 2023
AnalytixKraft,Mon Sep 25 14:30:04 UTC 2023
Vinfinity Immigration (Official Page),Mon Sep 25 14:28:12 UTC 2023
ProAnalyst,Mon Sep 25 14:26:36 UTC 2023
HR TalentHub,Mon Sep 25 14:21:19 UTC 2023
"Newparts, Inc.",Mon Sep 25 14:17:19 UTC 2023
Weber Shandwick,Mon Sep 25 08:28:07 UTC 2023
Funding Societies | Modalku Group,Mon Sep 25 08:27:11 UTC 2023
Multi Recruit,Mon Sep 25 08:25:13 UTC 2023
Etraveli Group,Mon Sep 25 08:18:43 UTC 2023
TripStack,Mon Sep 25 07:58:56 UTC 2023
Optomi,Mon Sep 25 07:49:03 UTC 2023
Simpl,Mon Sep 25 07:48:14 UTC 2023
Gulf Researcher,Mon Sep 25 07:26:08 UTC 2023
Satwic Inc,Mon Sep 25 07:18:23 UTC 2023
Coloursquare Marketing Pvt. Ltd,Mon Sep 25 04:40:57 UTC 2023
TNX Learning,Sun Sep 24 07:22:25 UTC 2023
Alp Consulting Ltd.,Sun Sep 24 04:09:07 UTC 2023
Strategy Boolean,Sat Sep 23 15:02:08 UTC 2023
Doji,Sat Sep 23 08:28:01 UTC 2023
Navi,Sat Sep 23 08:20:02 UTC 2023
Forage AI,Wed Sep 20 12:49:34 UTC 2023
INSIDEA,Wed Sep 20 12:07:44 UTC 2023
6thStreet.com,Mon Sep 18 12:39:39 UTC 2023
NeenOpal Inc.,Sun Sep 17 05:04:20 UTC 2023
TalentMaze,Sun Sep 17 05:01:52 UTC 2023
Sharpener,Sat Sep 16 17:39:27 UTC 2023
MeriSKILL,Wed Sep 06 05:55:28 UTC 2023
Tradeshala,Mon Sep 04 08:11:53 UTC 2023
Uni Cards,Sun Sep 03 11:49:40 UTC 2023
Enterslice,Sun Sep 03 11:43:31 UTC 2023
Midtown Software,Fri Sep 01 12:52:00 UTC 2023
Helmerich & Payne,Fri Sep 01 08:22:42 UTC 2023
Zendrive,Fri Sep 01 07:56:33 UTC 2023
ValueLabs,Thu Aug 31 06:28:34 UTC 2023
FourCore,Thu Aug 24 06:34:51 UTC 2023
Escalent,Thu Aug 24 06:30:24 UTC 2023
Unreal AI,Tue Aug 22 13:21:55 UTC 2023
Exa Protocol,Tue Aug 22 13:20:47 UTC 2023
Talk2Users Consultancy Private Limited (G),Tue Aug 22 13:19:13 UTC 2023
SaleAssist.ai,Tue Aug 22 13:16:32 UTC 2023
OTPLESS,Tue Aug 22 13:15:04 UTC 2023
Automatad,Mon Aug 21 07:10:31 UTC 2023
"Dubai Jobs, Gulf Jobs, Jobs in Dubai, Qatar, Kuwait - Boyen Haddin & The Giant HR Consultant",Mon Aug 21 06:39:15 UTC 2023
Kantar,Mon Aug 21 06:37:27 UTC 2023
LevelUP,Mon Aug 21 06:10:11 UTC 2023
RipplesIndia Group,Fri Aug 18 07:17:51 UTC 2023
V5 Global Services Private Limited.,Fri Aug 18 07:13:56 UTC 2023
Adecco,Thu Aug 17 12:57:13 UTC 2023
Bamigos.com,Thu Aug 17 08:11:57 UTC 2023
Leadersource Consulting,Thu Aug 17 07:55:55 UTC 2023
SmartCoin Financials,Thu Aug 17 07:55:02 UTC 2023
Industry Atom,Wed Aug 16 15:05:42 UTC 2023
Appinventiv,Wed Aug 16 07:45:20 UTC 2023
Rezo.ai,Mon Aug 14 10:07:38 UTC 2023
Tree Top Staffing LLC,Sun Aug 13 12:25:59 UTC 2023
Marquee Equity,Fri Aug 11 08:12:15 UTC 2023
INFOC,Thu Aug 03 05:33:23 UTC 2023
Neolytix,Wed Aug 02 09:37:12 UTC 2023
Yaylo,Wed Aug 02 09:28:07 UTC 2023
Rooter.gg,Sun Jul 30 09:15:30 UTC 2023
Sai Consultancy,Mon Jul 24 17:24:27 UTC 2023
InternsElite,Mon Jul 24 17:21:09 UTC 2023
Growth Guide,Fri Jul 21 14:40:47 UTC 2023
"iT  Resource Solutions.net,inc",Mon Jul 17 17:44:38 UTC 2023
Wiingy,Mon Jul 17 17:29:31 UTC 2023
Convin,Mon Jul 17 17:19:41 UTC 2023
RN Brothers,Mon Jul 17 12:38:35 UTC 2023
FNA,Fri Jul 14 09:05:15 UTC 2023
airtel,Thu Jul 13 13:30:19 UTC 2023
Ozibook,Tue Jul 11 09:26:12 UTC 2023
KGiSL,Mon Jul 10 19:29:51 UTC 2023
CBRE,Sun Jul 09 07:59:22 UTC 2023
Workafy,Mon Jul 03 15:03:23 UTC 2023
Programmers.io,Mon Jul 03 14:44:05 UTC 2023
Think360.ai,Mon Jul 03 14:22:52 UTC 2023
Independent Consultant,Fri Jun 30 12:54:58 UTC 2023
Cyber Ethos,Fri Jun 30 12:44:58 UTC 2023
Codingal,Wed Jun 28 09:28:08 UTC 2023
MyOperator,Sun Jun 04 03:36:49 UTC 2023
Helplama,Wed May 03 11:26:21 UTC 2023
Cult Skills,Tue Apr 25 06:21:48 UTC 2023
Wing Assistant,Fri Apr 21 14:10:51 UTC 2023
Globose Technology Solutions Private Limited,Wed Apr 19 07:38:28 UTC 2023
Cisco,Tue Apr 18 14:17:43 UTC 2023
PW (PhysicsWallah),Mon Apr 17 18:09:51 UTC 2023
Exly,Wed Apr 05 08:10:30 UTC 2023
Canada Mentors,Tue Apr 04 05:55:01 UTC 2023
testRigor,Fri Mar 31 15:44:13 UTC 2023
PepsiCo,Sat Mar 18 05:10:55 UTC 2023
Concentrix,Sat Mar 18 04:58:03 UTC 2023
Emitrr,Fri Mar 17 08:09:00 UTC 2023
QuickReply.ai,Thu Mar 16 16:24:24 UTC 2023
Clenergize Consultants,Wed Mar 15 04:46:02 UTC 2023
Siemens,Sat Mar 11 14:40:53 UTC 2023
Drip Capital,Sat Mar 11 06:14:18 UTC 2023
Bloomberg,Mon Mar 06 18:05:19 UTC 2023
Hairte,Sun Mar 05 12:57:04 UTC 2023
John Deere,Sat Feb 25 15:08:24 UTC 2023
Morningstar,Mon Feb 20 16:22:34 UTC 2023
Rocket Software,Mon Feb 20 16:21:57 UTC 2023
360DigiTMG Malaysia,Tue Feb 07 15:40:07 UTC 2023
Wipro,Fri Jan 20 13:17:46 UTC 2023
Axis Bank,Wed Jan 11 14:14:30 UTC 2023
Qoruz,Thu Dec 29 13:03:43 UTC 2022
Crossover ,Mon Dec 05 17:06:09 UTC 2022
Cognizant,Wed Nov 02 06:51:15 UTC 2022
Stack Overflow,Wed Nov 02 06:51:04 UTC 2022
freeCodeCamp,Wed Nov 02 06:50:56 UTC 2022
Atlassian,Wed Nov 02 06:50:55 UTC 2022
Swiggy,Wed Nov 02 06:50:55 UTC 2022
Online Career Portal,Wed Nov 02 06:48:22 UTC 2022
Incredible India Techxpert Pvt. Ltd.,Tue Oct 11 02:24:34 UTC 2022
Flipkart,Mon Oct 10 16:04:38 UTC 2022
Capgemini,Mon Oct 10 16:04:36 UTC 2022
CodeJi InfoTech PVT LTD,Mon Oct 10 16:04:10 UTC 2022
ThunderPlay Studio,Sat Sep 10 14:10:46 UTC 2022
Alchemial,Mon Aug 29 12:26:47 UTC 2022
Hire Digital,Fri Aug 19 13:22:39 UTC 2022
GeekyAnts,Thu Aug 18 03:29:25 UTC 2022
Accenture,Sun Jul 17 15:49:00 UTC 2022
Amazon,Sun Jul 17 15:49:00 UTC 2022
Tata Consultancy Services,Sun Jul 17 15:48:59 UTC 2022
Google,Sun Jul 17 15:48:58 UTC 2022
Google Developer Groups (GDG),Sun Jul 17 05:50:04 UTC 2022
Microsoft,Sun Jul 17 05:50:03 UTC 2022
Careerflow.ai (Techstars '23),Sun Jul 17 05:50:03 UTC 2022
InterviewBit,Sun Jul 17 05:50:02 UTC 2022
Coding Ninjas,Sun Jul 17 05:50:00 UTC 2022
Tech Mahindra,Sun Jul 17 05:49:59 UTC 2022
Get Hired with GeeksforGeeks ,Sun Jul 17 05:49:58 UTC 2022
Web Developer,Sun Jul 17 05:49:55 UTC 2022
Opportunity Track,Fri May 27 14:14:23 UTC 2022
Design Chief,Thu May 26 05:34:32 UTC 2022
ShriResume.com,Thu May 26 05:32:40 UTC 2022
Business Web Solutions,Wed May 25 16:34:10 UTC 2022
Infosys,Mon May 23 07:20:03 UTC 2022
Cuvette,Tue Apr 26 05:21:55 UTC 2022
Twilio,Thu Mar 17 17:42:16 UTC 2022
JavaScript,Thu Oct 07 01:31:17 UTC 2021
Google Developer Experts,Thu Mar 11 14:24:09 UTC 2021
Coursera,Thu Mar 11 14:23:49 UTC 2021
Great Learning,Mon Feb 08 04:09:00 UTC 2021
IBM,Thu Dec 17 04:43:41 UTC 2020
HackerEarth,Thu Dec 17 04:43:39 UTC 2020
CodeChef,Thu Dec 17 04:43:38 UTC 2020
HackerRank,Thu Dec 17 04:43:38 UTC 2020
HCLTech,Thu Dec 17 04:43:31 UTC 2020
GitHub,Thu Dec 17 04:43:27 UTC 2020
GeeksforGeeks,Thu Dec 17 04:43:26 UTC 2020
LinkedIn,Thu Sep 24 07:15:56 UTC 2020
Tri Plemieo,Mon Sep 14 04:10:55 UTC 2020
ITC Limited,Sun Sep 13 07:56:36 UTC 2020
Oracle,Sun Sep 13 07:56:34 UTC 2020
Apple,Sun Sep 13 07:56:19 UTC 2020
Machine Learning,Sun Sep 13 07:56:05 UTC 2020
"INSTITUTE OF TECHNOLOGY, GOPESHWAR",Sun Sep 13 07:42:10 UTC 2020
"Indian Institute of Technology, Kanpur",Fri Sep 04 05:13:11 UTC 2020
"Indian Institute of Technology, Roorkee",Fri Sep 04 05:13:06 UTC 2020
"Indian Institute of Technology, Madras",Fri Sep 04 05:13:02 UTC 2020
"Indian Institute of Technology, Delhi",Fri Sep 04 05:13:01 UTC 2020
"Indian Institute of Technology, Bombay",Fri Sep 04 05:13:00 UTC 2020
Jobs for Freshers &  Experienced,Tue Sep 01 22:17:15 UTC 2020
GovtJobsAlert.In,Sat Aug 22 08:04:43 UTC 2020
Internshala,Sat Aug 22 08:04:38 UTC 2020