Login Date,IP Address,User Agent,Login Type
Thu Feb 17 09:03:00 UTC 2022,27.63.166.173,"Mozilla/5.0 (Windows NT 6.1) AppleWebKit/537.36 (KHTML, like Gecko) Chrome/98.0.4758.102 Safari/537.36",Login
Tue Mar 29 06:57:13 UTC 2022,2401:4900:ef6:be2b:5458:a375:a1be:5c5f,"Mozilla/5.0 (Windows NT 6.1) AppleWebKit/537.36 (KHTML, like Gecko) Chrome/99.0.4844.84 Safari/537.36",Login
Thu Sep 08 16:21:53 UTC 2022,2401:4900:5c56:a212:0:0:226:ab0c,"Mozilla/5.0 (Linux; Android 11; SM-M017F) AppleWebKit/537.36 (KHTML, like Gecko) Chrome/87.0.4280.141 Mobile Safari/537.36",Login
Fri Nov 11 15:42:21 UTC 2022,2401:4900:47d6:a349:ec41:c520:32e6:83df,"Mozilla/5.0 (Windows NT 10.0; Win64; x64) AppleWebKit/537.36 (KHTML, like Gecko) Chrome/107.0.0.0 Safari/537.36",Login
Sun Nov 13 15:59:05 UTC 2022,2401:4900:47d6:a2fa:c81a:b819:4cb3:7d23,"Mozilla/5.0 (Windows NT 10.0; Win64; x64) AppleWebKit/537.36 (KHTML, like Gecko) Chrome/107.0.0.0 Safari/537.36",Login
Wed Nov 16 15:38:30 UTC 2022,2401:4900:47d6:a38b:51ac:6ee0:d4d4:88d8,"Mozilla/5.0 (Windows NT 10.0; Win64; x64) AppleWebKit/537.36 (KHTML, like Gecko) Chrome/107.0.0.0 Safari/537.36",Login
Fri Nov 18 15:39:52 UTC 2022,106.195.102.165,"Mozilla/5.0 (Windows NT 10.0; Win64; x64) AppleWebKit/537.36 (KHTML, like Gecko) Chrome/107.0.0.0 Safari/537.36",Login
Sun Nov 20 04:57:40 UTC 2022,2401:4900:5ef6:a3bb:28fc:7524:7fd1:650d,"Mozilla/5.0 (Windows NT 10.0; Win64; x64) AppleWebKit/537.36 (KHTML, like Gecko) Chrome/107.0.0.0 Safari/537.36",Login
Sun Nov 20 06:18:26 UTC 2022,2401:4900:58b6:b584:e545:15fe:e71d:1f1d,"Mozilla/5.0 (Windows NT 10.0; Win64; x64) AppleWebKit/537.36 (KHTML, like Gecko) Chrome/107.0.0.0 Safari/537.36",Login
Tue Nov 22 15:51:14 UTC 2022,27.63.182.187,"Mozilla/5.0 (Windows NT 10.0; Win64; x64) AppleWebKit/537.36 (KHTML, like Gecko) Chrome/107.0.0.0 Safari/537.36",Login
Wed Nov 23 15:21:48 UTC 2022,27.63.182.186,"Mozilla/5.0 (Windows NT 10.0; Win64; x64) AppleWebKit/537.36 (KHTML, like Gecko) Chrome/107.0.0.0 Safari/537.36",Login
Thu Nov 24 15:26:45 UTC 2022,27.63.182.164,"Mozilla/5.0 (Windows NT 10.0; Win64; x64) AppleWebKit/537.36 (KHTML, like Gecko) Chrome/107.0.0.0 Safari/537.36",Login
Fri Nov 25 15:16:21 UTC 2022,27.63.182.186,"Mozilla/5.0 (Windows NT 10.0; Win64; x64) AppleWebKit/537.36 (KHTML, like Gecko) Chrome/107.0.0.0 Safari/537.36",Login
Sat Nov 26 15:36:50 UTC 2022,27.63.182.166,"Mozilla/5.0 (Windows NT 10.0; Win64; x64) AppleWebKit/537.36 (KHTML, like Gecko) Chrome/107.0.0.0 Safari/537.36",Login
Sun Nov 27 05:11:07 UTC 2022,27.63.182.190,"Mozilla/5.0 (Windows NT 10.0; Win64; x64) AppleWebKit/537.36 (KHTML, like Gecko) Chrome/107.0.0.0 Safari/537.36",Login
Mon Nov 28 15:15:07 UTC 2022,27.63.182.184,"Mozilla/5.0 (Windows NT 10.0; Win64; x64) AppleWebKit/537.36 (KHTML, like Gecko) Chrome/107.0.0.0 Safari/537.36",Login
Tue Nov 29 15:34:54 UTC 2022,2401:4900:58b6:a2ae:d4f6:e764:3b59:d3da,"Mozilla/5.0 (Windows NT 10.0; Win64; x64) AppleWebKit/537.36 (KHTML, like Gecko) Chrome/107.0.0.0 Safari/537.36",Login
Wed Nov 30 09:20:25 UTC 2022,2401:4900:58b6:a39e:bc18:e886:1e6a:ec88,"Mozilla/5.0 (Windows NT 10.0; Win64; x64) AppleWebKit/537.36 (KHTML, like Gecko) Chrome/107.0.0.0 Safari/537.36",Login
Wed Nov 30 15:56:25 UTC 2022,2401:4900:58b6:b533:f15f:9ab3:7e22:3cba,"Mozilla/5.0 (Windows NT 10.0; Win64; x64) AppleWebKit/537.36 (KHTML, like Gecko) Chrome/107.0.0.0 Safari/537.36",Login
Thu Dec 01 04:43:24 UTC 2022,2401:4900:58b6:bf5a:c063:9d6a:1e3b:70e3,"Mozilla/5.0 (Windows NT 10.0; Win64; x64) AppleWebKit/537.36 (KHTML, like Gecko) Chrome/107.0.0.0 Safari/537.36",Login
Thu Dec 01 14:51:21 UTC 2022,2401:4900:58b6:a342:19ee:25f:8e90:94bc,"Mozilla/5.0 (Windows NT 10.0; Win64; x64) AppleWebKit/537.36 (KHTML, like Gecko) Chrome/107.0.0.0 Safari/537.36",Login
Fri Dec 02 04:17:14 UTC 2022,2401:4900:58b6:a364:7863:3792:7d6:da79,"Mozilla/5.0 (Windows NT 10.0; Win64; x64) AppleWebKit/537.36 (KHTML, like Gecko) Chrome/107.0.0.0 Safari/537.36",Login
Fri Dec 02 15:35:31 UTC 2022,2401:4900:58b6:a3fa:986a:3b1c:3e61:5226,"Mozilla/5.0 (Windows NT 10.0; Win64; x64) AppleWebKit/537.36 (KHTML, like Gecko) Chrome/107.0.0.0 Safari/537.36",Login
Sat Dec 03 04:41:31 UTC 2022,2401:4900:58b6:a332:100c:5247:ede:e28f,"Mozilla/5.0 (Windows NT 10.0; Win64; x64) AppleWebKit/537.36 (KHTML, like Gecko) Chrome/107.0.0.0 Safari/537.36",Login
Sat Dec 03 13:49:34 UTC 2022,2401:4900:58b6:a227:d4dc:aa97:b05a:74cb,"Mozilla/5.0 (Windows NT 10.0; Win64; x64) AppleWebKit/537.36 (KHTML, like Gecko) Chrome/107.0.0.0 Safari/537.36",Login
Sun Dec 04 05:39:39 UTC 2022,2401:4900:58b6:a371:41d7:abbb:a191:1e96,"Mozilla/5.0 (Windows NT 10.0; Win64; x64) AppleWebKit/537.36 (KHTML, like Gecko) Chrome/107.0.0.0 Safari/537.36",Login
Sun Dec 04 15:32:09 UTC 2022,2401:4900:58b6:b5ac:50a4:fb16:6bb:384c,"Mozilla/5.0 (Windows NT 10.0; Win64; x64) AppleWebKit/537.36 (KHTML, like Gecko) Chrome/107.0.0.0 Safari/537.36",Login
Mon Dec 05 05:09:33 UTC 2022,2401:4900:58b6:a2d5:f526:7d3e:4741:20d6,"Mozilla/5.0 (Windows NT 10.0; Win64; x64) AppleWebKit/537.36 (KHTML, like Gecko) Chrome/108.0.0.0 Safari/537.36",Login
Mon Dec 05 15:37:35 UTC 2022,2401:4900:58b6:a272:b1cc:bb0b:bf14:47e7,"Mozilla/5.0 (Windows NT 10.0; Win64; x64) AppleWebKit/537.36 (KHTML, like Gecko) Chrome/108.0.0.0 Safari/537.36",Login
Wed Dec 07 15:36:36 UTC 2022,2401:4900:5c36:b536:a133:c7b7:3d33:bc5b,"Mozilla/5.0 (Windows NT 10.0; Win64; x64) AppleWebKit/537.36 (KHTML, like Gecko) Chrome/108.0.0.0 Safari/537.36",Login
Thu Dec 08 08:26:04 UTC 2022,2401:4900:5c36:a27e:d525:b30d:6695:75a3,"Mozilla/5.0 (Windows NT 10.0; Win64; x64) AppleWebKit/537.36 (KHTML, like Gecko) Chrome/108.0.0.0 Safari/537.36",Login
Thu Dec 08 15:36:44 UTC 2022,2401:4900:5c36:b584:a949:e7fa:961c:6bc2,"Mozilla/5.0 (Windows NT 10.0; Win64; x64) AppleWebKit/537.36 (KHTML, like Gecko) Chrome/108.0.0.0 Safari/537.36",Login
Fri Dec 09 15:39:04 UTC 2022,2401:4900:5c36:b51e:fd79:94b0:f306:5948,"Mozilla/5.0 (Windows NT 10.0; Win64; x64) AppleWebKit/537.36 (KHTML, like Gecko) Chrome/108.0.0.0 Safari/537.36",Login
Sat Dec 10 05:15:59 UTC 2022,2401:4900:5c36:a320:4df0:a464:d44e:9306,"Mozilla/5.0 (Windows NT 10.0; Win64; x64) AppleWebKit/537.36 (KHTML, like Gecko) Chrome/108.0.0.0 Safari/537.36",Login
Sat Dec 10 16:03:14 UTC 2022,2401:4900:5c36:bf53:dd30:4ec4:2f7b:199d,"Mozilla/5.0 (Windows NT 10.0; Win64; x64) AppleWebKit/537.36 (KHTML, like Gecko) Chrome/108.0.0.0 Safari/537.36",Login
Sun Dec 11 19:35:45 UTC 2022,2402:8100:2042:e169:f930:7cb5:1220:17cd,"Mozilla/5.0 (Windows NT 10.0; Win64; x64) AppleWebKit/537.36 (KHTML, like Gecko) Chrome/108.0.0.0 Safari/537.36",Login
Mon Dec 12 15:14:41 UTC 2022,2401:4900:5c36:b539:cd42:cd14:f7d7:7f13,"Mozilla/5.0 (Windows NT 10.0; Win64; x64) AppleWebKit/537.36 (KHTML, like Gecko) Chrome/108.0.0.0 Safari/537.36",Login
Tue Dec 13 14:46:25 UTC 2022,27.63.166.172,"Mozilla/5.0 (Windows NT 10.0; Win64; x64) AppleWebKit/537.36 (KHTML, like Gecko) Chrome/108.0.0.0 Safari/537.36",Login
Wed Dec 14 18:21:22 UTC 2022,2401:4900:5ee6:b5e9:990a:a608:dddb:14b0,"Mozilla/5.0 (Windows NT 10.0; Win64; x64) AppleWebKit/537.36 (KHTML, like Gecko) Chrome/108.0.0.0 Safari/537.36",Login
Thu Dec 15 09:27:17 UTC 2022,2401:4900:eb6:a211:48a2:fb41:1488:ef0c,"Mozilla/5.0 (Windows NT 10.0; Win64; x64) AppleWebKit/537.36 (KHTML, like Gecko) Chrome/108.0.0.0 Safari/537.36",Login
Thu Dec 15 16:11:44 UTC 2022,2401:4900:eb6:b506:8912:2cf4:ce6c:dbb4,"Mozilla/5.0 (Windows NT 10.0; Win64; x64) AppleWebKit/537.36 (KHTML, like Gecko) Chrome/108.0.0.0 Safari/537.36",Login
Fri Dec 16 19:56:06 UTC 2022,2401:4900:c04:3a2b:8c9c:ddcc:8af1:d52c,"Mozilla/5.0 (Windows NT 10.0; Win64; x64) AppleWebKit/537.36 (KHTML, like Gecko) Chrome/108.0.0.0 Safari/537.36",Login
Sat Dec 17 15:51:08 UTC 2022,2401:4900:c1f:c49b:594a:f32b:94e8:6192,"Mozilla/5.0 (Windows NT 10.0; Win64; x64) AppleWebKit/537.36 (KHTML, like Gecko) Chrome/108.0.0.0 Safari/537.36",Login
Sun Dec 18 15:34:39 UTC 2022,2401:4900:c00:e03c:58bc:594b:73a6:ba71,"Mozilla/5.0 (Windows NT 10.0; Win64; x64) AppleWebKit/537.36 (KHTML, like Gecko) Chrome/108.0.0.0 Safari/537.36",Login
Mon Dec 19 17:56:36 UTC 2022,2401:4900:c01:a586:f8c2:1f64:d58a:ba01,"Mozilla/5.0 (Windows NT 10.0; Win64; x64) AppleWebKit/537.36 (KHTML, like Gecko) Chrome/108.0.0.0 Safari/537.36",Login
Tue Dec 20 15:31:25 UTC 2022,2401:4900:c03:e0f4:b92b:915c:e655:9cd2,"Mozilla/5.0 (Windows NT 10.0; Win64; x64) AppleWebKit/537.36 (KHTML, like Gecko) Chrome/108.0.0.0 Safari/537.36",Login
Wed Dec 21 15:04:30 UTC 2022,2401:4900:ea6:a261:6142:1cc1:3857:b932,"Mozilla/5.0 (Windows NT 10.0; Win64; x64) AppleWebKit/537.36 (KHTML, like Gecko) Chrome/108.0.0.0 Safari/537.36",Login
Thu Dec 22 15:31:55 UTC 2022,2401:4900:ea6:a261:c46c:ad34:9ed3:53ee,"Mozilla/5.0 (Windows NT 10.0; Win64; x64) AppleWebKit/537.36 (KHTML, like Gecko) Chrome/108.0.0.0 Safari/537.36",Login
Fri Dec 23 15:18:04 UTC 2022,2401:4900:ea6:a225:358d:d949:4d0e:107b,"Mozilla/5.0 (Windows NT 10.0; Win64; x64) AppleWebKit/537.36 (KHTML, like Gecko) Chrome/108.0.0.0 Safari/537.36",Login
Fri Dec 23 17:49:45 UTC 2022,2401:4900:ea6:a225:c57d:1a87:1160:b702,"Mozilla/5.0 (Windows NT 10.0; Win64; x64) AppleWebKit/537.36 (KHTML, like Gecko) Chrome/108.0.0.0 Safari/537.36",Login
Sat Dec 24 15:48:28 UTC 2022,2401:4900:5ee6:b5d1:a9b7:52db:d82c:71c8,"Mozilla/5.0 (Windows NT 10.0; Win64; x64) AppleWebKit/537.36 (KHTML, like Gecko) Chrome/108.0.0.0 Safari/537.36",Login
Thu Dec 29 15:15:24 UTC 2022,2401:4900:5ee6:a21a:147:3ff:78d:377a,"Mozilla/5.0 (Windows NT 10.0; Win64; x64) AppleWebKit/537.36 (KHTML, like Gecko) Chrome/108.0.0.0 Safari/537.36",Login
Fri Dec 30 16:18:13 UTC 2022,2401:4900:5ee6:b527:45fa:e34b:1585:1790,"Mozilla/5.0 (Windows NT 10.0; Win64; x64) AppleWebKit/537.36 (KHTML, like Gecko) Chrome/108.0.0.0 Safari/537.36",Login
Sun Jan 01 16:00:43 UTC 2023,2401:4900:5ee6:a2f6:c8f3:9c3e:2f77:4cb1,"Mozilla/5.0 (Windows NT 10.0; Win64; x64) AppleWebKit/537.36 (KHTML, like Gecko) Chrome/108.0.0.0 Safari/537.36",Login
Mon Jan 02 15:26:10 UTC 2023,2401:4900:5ee6:a230:8a5:8a66:f38c:19e4,"Mozilla/5.0 (Windows NT 10.0; Win64; x64) AppleWebKit/537.36 (KHTML, like Gecko) Chrome/108.0.0.0 Safari/537.36",Login
Mon Jan 02 15:26:18 UTC 2023,2401:4900:5ee6:a230:8a5:8a66:f38c:19e4,"Mozilla/5.0 (Windows NT 10.0; Win64; x64) AppleWebKit/537.36 (KHTML, like Gecko) Chrome/108.0.0.0 Safari/537.36",Login
Mon Jan 02 15:26:34 UTC 2023,2401:4900:5ee6:a230:8a5:8a66:f38c:19e4,"Mozilla/5.0 (Windows NT 10.0; Win64; x64) AppleWebKit/537.36 (KHTML, like Gecko) Chrome/108.0.0.0 Safari/537.36",Login
Mon Jan 02 15:26:46 UTC 2023,2401:4900:5ee6:a230:8a5:8a66:f38c:19e4,"Mozilla/5.0 (Windows NT 10.0; Win64; x64) AppleWebKit/537.36 (KHTML, like Gecko) Chrome/108.0.0.0 Safari/537.36",Login
Mon Jan 02 15:26:59 UTC 2023,2401:4900:5ee6:a230:8a5:8a66:f38c:19e4,"Mozilla/5.0 (Windows NT 10.0; Win64; x64) AppleWebKit/537.36 (KHTML, like Gecko) Chrome/108.0.0.0 Safari/537.36",Login
Tue Jan 03 15:25:56 UTC 2023,2401:4900:5ee6:b535:f4c6:3750:16ba:eb32,"Mozilla/5.0 (Windows NT 10.0; Win64; x64) AppleWebKit/537.36 (KHTML, like Gecko) Chrome/108.0.0.0 Safari/537.36",Login
Wed Jan 04 15:51:01 UTC 2023,2401:4900:5ee6:b508:78f4:90aa:594c:2650,"Mozilla/5.0 (Windows NT 10.0; Win64; x64) AppleWebKit/537.36 (KHTML, like Gecko) Chrome/108.0.0.0 Safari/537.36",Login
Thu Jan 05 14:51:57 UTC 2023,2401:4900:5ee6:a3b4:65ca:ee50:9a97:a495,"Mozilla/5.0 (Windows NT 10.0; Win64; x64) AppleWebKit/537.36 (KHTML, like Gecko) Chrome/108.0.0.0 Safari/537.36",Login
Fri Jan 06 15:34:59 UTC 2023,2401:4900:5ee6:b533:59f3:4522:f80b:300a,"Mozilla/5.0 (Windows NT 10.0; Win64; x64) AppleWebKit/537.36 (KHTML, like Gecko) Chrome/108.0.0.0 Safari/537.36",Login
Sat Jan 07 06:25:22 UTC 2023,2401:4900:5ee6:b50b:386b:825:abfa:6914,"Mozilla/5.0 (Windows NT 10.0; Win64; x64) AppleWebKit/537.36 (KHTML, like Gecko) Chrome/108.0.0.0 Safari/537.36",Login
Tue Jan 10 13:42:02 UTC 2023,27.63.182.178,"Mozilla/5.0 (Windows NT 10.0; Win64; x64) AppleWebKit/537.36 (KHTML, like Gecko) Chrome/108.0.0.0 Safari/537.36",Login
Wed Jan 11 15:31:52 UTC 2023,2401:4900:5a46:a3cf:30fa:bfd0:758a:7580,"Mozilla/5.0 (Windows NT 10.0; Win64; x64) AppleWebKit/537.36 (KHTML, like Gecko) Chrome/108.0.0.0 Safari/537.36",Login
Thu Jan 12 15:50:02 UTC 2023,2401:4900:5f76:a27e:8cf2:ab9:3092:efac,"Mozilla/5.0 (Windows NT 10.0; Win64; x64) AppleWebKit/537.36 (KHTML, like Gecko) Chrome/108.0.0.0 Safari/537.36",Login
Fri Jan 13 15:23:10 UTC 2023,2401:4900:c15:1b8d:e5ca:d9d3:61d0:56ab,"Mozilla/5.0 (Windows NT 10.0; Win64; x64) AppleWebKit/537.36 (KHTML, like Gecko) Chrome/109.0.0.0 Safari/537.36",Login
Sat Jan 14 15:25:45 UTC 2023,27.63.166.181,"Mozilla/5.0 (Windows NT 10.0; Win64; x64) AppleWebKit/537.36 (KHTML, like Gecko) Chrome/108.0.0.0 Safari/537.36 Edg/108.0.1462.76",Login
Sun Jan 15 15:04:54 UTC 2023,2401:4900:5d46:b503:3547:3a25:31a9:7a5c,"Mozilla/5.0 (Windows NT 10.0; Win64; x64) AppleWebKit/537.36 (KHTML, like Gecko) Chrome/108.0.0.0 Safari/537.36 Edg/108.0.1462.76",Login
Mon Jan 16 17:00:20 UTC 2023,27.63.182.160,"Mozilla/5.0 (Windows NT 10.0; Win64; x64) AppleWebKit/537.36 (KHTML, like Gecko) Chrome/108.0.0.0 Safari/537.36 Edg/108.0.1462.76",Login
Tue Jan 17 15:30:08 UTC 2023,27.63.182.173,"Mozilla/5.0 (Windows NT 10.0; Win64; x64) AppleWebKit/537.36 (KHTML, like Gecko) Chrome/109.0.0.0 Safari/537.36 Edg/109.0.1518.52",Login
Thu Jan 19 14:49:18 UTC 2023,27.63.182.184,"Mozilla/5.0 (Windows NT 10.0; Win64; x64) AppleWebKit/537.36 (KHTML, like Gecko) Chrome/109.0.0.0 Safari/537.36 Edg/109.0.1518.52",Login
Fri Jan 20 15:53:36 UTC 2023,2401:4900:5ef6:b5df:d9f:30d6:b5ba:c10e,"Mozilla/5.0 (Windows NT 10.0; Win64; x64) AppleWebKit/537.36 (KHTML, like Gecko) Chrome/109.0.0.0 Safari/537.36",Login
Sat Jan 21 12:59:13 UTC 2023,2401:4900:5ef6:a278:a93c:b96b:dbdc:b0,"Mozilla/5.0 (Windows NT 10.0; Win64; x64) AppleWebKit/537.36 (KHTML, like Gecko) Chrome/109.0.0.0 Safari/537.36 Edg/109.0.1518.55",Login
Sat Jan 21 15:51:51 UTC 2023,2401:4900:5ef6:a3c0:c442:dfa5:bfc9:3d6c,"Mozilla/5.0 (Windows NT 10.0; Win64; x64) AppleWebKit/537.36 (KHTML, like Gecko) Chrome/109.0.0.0 Safari/537.36 Edg/109.0.1518.55",Login
Mon Jan 23 15:15:13 UTC 2023,2401:4900:46a6:a2e0:189:f6b9:6c1e:784a,"Mozilla/5.0 (Windows NT 10.0; Win64; x64) AppleWebKit/537.36 (KHTML, like Gecko) Chrome/109.0.0.0 Safari/537.36 Edg/109.0.1518.55",Login
Wed May 31 08:48:11 UTC 2023,2401:4900:5a46:b5ae:d189:b352:8d19:252f,"Mozilla/5.0 (Windows NT 10.0; Win64; x64) AppleWebKit/537.36 (KHTML, like Gecko) Chrome/113.0.0.0 Safari/537.36",Login
Fri Jun 30 06:56:28 UTC 2023,27.122.14.46,"Mozilla/5.0 (Windows NT 10.0; Win64; x64) AppleWebKit/537.36 (KHTML, like Gecko) Chrome/114.0.0.0 Safari/537.36",Login
Sat Oct 14 10:41:27 UTC 2023,2401:4900:5ee6:a2db:0:0:23c:e8d9,"Mozilla/5.0 (Linux; Android 11; SM-M017F) AppleWebKit/537.36 (KHTML, like Gecko) Chrome/105.0.0.0 Mobile Safari/537.36",Login
