savedItem,createdTime
https://www.linkedin.com/feed/update/urn:li:activity:7118800084716118016,2023-10-14 10:45:23
https://www.linkedin.com/feed/update/urn:li:activity:7117347422049042432,2023-10-14 10:25:58
https://www.linkedin.com/feed/update/urn:li:activity:7118595000413671425,2023-10-13 18:22:49
https://www.linkedin.com/feed/update/urn:li:activity:7118617372982185985,2023-10-13 18:21:54
https://www.linkedin.com/feed/update/urn:li:activity:7118631815845691392,2023-10-13 18:20:20
https://www.linkedin.com/feed/update/urn:li:activity:7118099031586672640,2023-10-12 15:42:18
https://www.linkedin.com/feed/update/urn:li:activity:7118090423083954176,2023-10-12 12:49:18
https://www.linkedin.com/feed/update/urn:li:activity:7117054849409531905,2023-10-10 13:00:25
https://www.linkedin.com/feed/update/urn:li:activity:7117443699009081345,2023-10-10 12:51:50
https://www.linkedin.com/feed/update/urn:li:activity:7117033946810347520,2023-10-10 07:55:46
https://www.linkedin.com/feed/update/urn:li:activity:7116965495907495936,2023-10-09 05:58:26
https://www.linkedin.com/feed/update/urn:li:activity:7116248736950878208,2023-10-07 11:58:45
https://www.linkedin.com/feed/update/urn:li:activity:7114596557085114368,2023-10-02 14:28:50
https://www.linkedin.com/feed/update/urn:li:activity:7114104141911662592,2023-10-01 04:47:07
https://www.linkedin.com/feed/update/urn:li:activity:7113847230612054016,2023-09-30 12:27:36
https://www.linkedin.com/feed/update/urn:li:activity:7113173956202811395,2023-09-30 07:52:48
https://www.linkedin.com/feed/update/urn:li:activity:7112292211865600000,2023-09-30 07:18:19
https://www.linkedin.com/feed/update/urn:li:activity:7113741759016288256,2023-09-30 07:16:41
https://www.linkedin.com/feed/update/urn:li:activity:7113450812877524992,2023-09-29 17:18:04
https://www.linkedin.com/feed/update/urn:li:activity:7110253772001472513,2023-09-22 04:30:21
https://www.linkedin.com/feed/update/urn:li:activity:7110521561089998848,2023-09-21 09:04:12
https://www.linkedin.com/feed/update/urn:li:activity:7110490366591549440,2023-09-21 09:02:34
https://www.linkedin.com/feed/update/urn:li:activity:7110245407254867969,2023-09-21 04:38:39
https://www.linkedin.com/feed/update/urn:li:activity:7106167759255834624,2023-09-20 04:22:13
https://www.linkedin.com/feed/update/urn:li:activity:7109918493579329536,2023-09-20 04:20:07
https://www.linkedin.com/feed/update/urn:li:activity:7108530384165830657,2023-09-19 12:54:38
https://www.linkedin.com/feed/update/urn:li:activity:7109437765309595648,2023-09-19 12:54:00
https://www.linkedin.com/feed/update/urn:li:activity:7109451290132267008,2023-09-19 12:53:00
https://www.linkedin.com/feed/update/urn:li:activity:7107990287729197056,2023-09-19 12:52:32
https://www.linkedin.com/feed/update/urn:li:activity:7102963219933097984,2023-09-19 12:51:40
https://www.linkedin.com/feed/update/urn:li:activity:7106183007153078272,2023-09-19 12:50:55
https://www.linkedin.com/feed/update/urn:li:activity:7106702396923244544,2023-09-19 12:50:40
https://www.linkedin.com/feed/update/urn:li:activity:7108092932070473730,2023-09-19 12:49:42
https://www.linkedin.com/feed/update/urn:li:activity:7108664851878588416,2023-09-19 12:47:17
https://www.linkedin.com/feed/update/urn:li:activity:7109830507810496512,2023-09-19 12:47:03
https://www.linkedin.com/feed/update/urn:li:activity:7109500227488743426,2023-09-19 12:46:32
https://www.linkedin.com/feed/update/urn:li:activity:7109488016070488066,2023-09-19 12:46:06
https://www.linkedin.com/feed/update/urn:li:activity:7109521855018897409,2023-09-19 07:58:48
https://www.linkedin.com/feed/update/urn:li:activity:7109783811344744448,2023-09-19 07:57:38
https://www.linkedin.com/feed/update/urn:li:activity:7108269343406272512,2023-09-18 12:45:55
https://www.linkedin.com/feed/update/urn:li:activity:7109357849461338112,2023-09-18 06:16:01
https://www.linkedin.com/feed/update/urn:li:activity:7109065594095763456,2023-09-17 12:53:22
https://www.linkedin.com/feed/update/urn:li:activity:7107898823858884608,2023-09-17 05:09:23
https://www.linkedin.com/feed/update/urn:li:activity:7109001333101203456,2023-09-17 05:05:23
https://www.linkedin.com/feed/update/urn:li:activity:7108253088175591424,2023-09-15 12:48:24
https://www.linkedin.com/feed/update/urn:li:activity:7107666626954608640,2023-09-13 16:47:53
https://www.linkedin.com/feed/update/urn:li:activity:7107619142471495680,2023-09-13 16:46:11
https://www.linkedin.com/feed/update/urn:li:activity:7106090831064838144,2023-09-09 07:15:40
https://www.linkedin.com/feed/update/urn:li:activity:7105194810768044033,2023-09-08 13:06:18
https://www.linkedin.com/feed/update/urn:li:activity:7105029356854419456,2023-09-08 11:11:57
https://www.linkedin.com/feed/update/urn:li:activity:7105377241303298048,2023-09-08 06:12:21
https://www.linkedin.com/feed/update/urn:li:activity:7105720271638077441,2023-09-08 06:04:31
https://www.linkedin.com/feed/update/urn:li:activity:7100744360866045952,2023-09-05 15:10:57
https://www.linkedin.com/feed/update/urn:li:activity:7104049460837539841,2023-09-04 08:15:43
https://www.linkedin.com/feed/update/urn:li:activity:7104259271537684480,2023-09-04 07:25:53
https://www.linkedin.com/feed/update/urn:li:activity:7102892775473393665,2023-09-02 13:37:04
https://www.linkedin.com/feed/update/urn:li:activity:7103588395787915264,2023-09-02 13:36:12
https://www.linkedin.com/feed/update/urn:li:activity:7103025938627502080,2023-09-01 12:48:51
https://www.linkedin.com/feed/update/urn:li:activity:7103319644257591296,2023-09-01 12:48:39
https://www.linkedin.com/feed/update/urn:li:activity:7102470536030560256,2023-08-30 07:32:28
https://www.linkedin.com/feed/update/urn:li:activity:7102130255275917313,2023-08-29 13:04:33
https://www.linkedin.com/feed/update/urn:li:activity:7100046141655855104,2023-08-24 07:24:45
https://www.linkedin.com/feed/update/urn:li:activity:7099948367136329728,2023-08-23 13:32:04
https://www.linkedin.com/feed/update/urn:li:activity:7099782670817107968,2023-08-23 07:14:58
https://www.linkedin.com/feed/update/urn:li:activity:7098499753994313728,2023-08-19 13:10:53
https://www.linkedin.com/feed/update/urn:li:activity:7098165877975478272,2023-08-18 14:46:29
https://www.linkedin.com/feed/update/urn:li:activity:7097389247099207680,2023-08-17 12:58:48
https://www.linkedin.com/feed/update/urn:li:activity:7097890602121363456,2023-08-17 12:56:10
https://www.linkedin.com/feed/update/urn:li:activity:7096681904296361984,2023-08-14 08:02:25
https://www.linkedin.com/feed/update/urn:li:activity:7096694430635626496,2023-08-14 08:01:44
https://www.linkedin.com/feed/update/urn:li:activity:7094936718327373824,2023-08-09 12:33:20
https://www.linkedin.com/feed/update/urn:li:activity:7095018083722944512,2023-08-09 12:32:01
https://www.linkedin.com/feed/update/urn:li:activity:7089583770613264384,2023-08-08 13:39:50
https://www.linkedin.com/feed/update/urn:li:activity:7094561096375635968,2023-08-08 11:57:52
https://www.linkedin.com/feed/update/urn:li:activity:7093538977533579264,2023-08-08 05:50:24
https://www.linkedin.com/feed/update/urn:li:activity:7093056738676924416,2023-08-04 10:26:59
https://www.linkedin.com/feed/update/urn:li:activity:7093157012573700098,2023-08-04 10:25:50
https://www.linkedin.com/feed/update/urn:li:activity:7092747169853546497,2023-08-04 10:14:32
https://www.linkedin.com/feed/update/urn:li:activity:7092836539432361984,2023-08-03 15:29:22
https://www.linkedin.com/feed/update/urn:li:activity:7092747809606529026,2023-08-03 07:08:50
https://www.linkedin.com/feed/update/urn:li:activity:7092700614052261888,2023-08-03 05:42:07
https://www.linkedin.com/feed/update/urn:li:activity:7092355529422905344,2023-08-02 06:10:02
https://www.linkedin.com/feed/update/urn:li:activity:7091975958714290176,2023-08-01 12:46:04
https://www.linkedin.com/feed/update/urn:li:activity:7091609992386011136,2023-07-31 09:57:53
https://www.linkedin.com/feed/update/urn:li:activity:7091673283284140032,2023-07-31 09:57:44
https://www.linkedin.com/feed/update/urn:li:activity:7090874100289572864,2023-07-29 17:42:45
https://www.linkedin.com/feed/update/urn:li:activity:7090918868390465537,2023-07-29 09:13:12
https://www.linkedin.com/feed/update/urn:li:activity:7090530139683323904,2023-07-28 04:47:50
https://www.linkedin.com/feed/update/urn:li:activity:7090155131639377920,2023-07-27 07:38:36
https://www.linkedin.com/feed/update/urn:li:activity:7085190943221448704,2023-07-24 15:51:48
https://www.linkedin.com/feed/update/urn:li:activity:7088448498269847552,2023-07-22 13:05:55
https://www.linkedin.com/feed/update/urn:li:activity:7087725483802419200,2023-07-20 15:21:25
https://www.linkedin.com/feed/update/urn:li:activity:7087614037693267969,2023-07-20 15:15:58
https://www.linkedin.com/feed/update/urn:li:activity:7087781642513055746,2023-07-20 15:10:13
https://www.linkedin.com/feed/update/urn:li:activity:7080576559312420864,2023-07-12 08:18:58
https://www.linkedin.com/feed/update/urn:li:activity:7084722663994138624,2023-07-12 08:15:59
https://www.linkedin.com/feed/update/urn:li:activity:7083719772902678529,2023-07-10 05:18:23
https://www.linkedin.com/feed/update/urn:li:activity:7082285888344383488,2023-07-06 13:35:18
https://www.linkedin.com/feed/update/urn:li:activity:7082200064797868032,2023-07-05 04:56:27
https://www.linkedin.com/feed/update/urn:li:activity:7081865492113625089,2023-07-04 05:56:06
https://www.linkedin.com/feed/update/urn:li:activity:7079991929412698113,2023-07-01 12:38:14
https://www.linkedin.com/feed/update/urn:li:activity:7079308993260658688,2023-06-28 05:03:04
https://www.linkedin.com/feed/update/urn:li:activity:7078439223753670656,2023-06-26 16:00:01
https://www.linkedin.com/feed/update/urn:li:activity:7078600293818482688,2023-06-26 15:58:26
https://www.linkedin.com/feed/update/urn:li:activity:7076462951943061504,2023-06-19 13:56:13
https://www.linkedin.com/feed/update/urn:li:activity:7072912721704296449,2023-06-13 14:00:11
https://www.linkedin.com/feed/update/urn:li:activity:7072797955459624960,2023-06-10 06:24:27
https://www.linkedin.com/feed/update/urn:li:activity:7071533942071296000,2023-06-07 12:16:22
https://www.linkedin.com/feed/update/urn:li:activity:7070610053061390336,2023-06-04 03:42:31
https://www.linkedin.com/feed/update/urn:li:activity:7069354046486175744,2023-05-31 13:07:15
https://www.linkedin.com/feed/update/urn:li:activity:7066986173092532225,2023-05-24 11:44:57
https://www.linkedin.com/feed/update/urn:li:activity:7065176829711532032,2023-05-19 10:04:44
https://www.linkedin.com/feed/update/urn:li:activity:7064475852582924288,2023-05-17 17:07:39
https://www.linkedin.com/feed/update/urn:li:activity:7063108286413230080,2023-05-16 06:55:50
https://www.linkedin.com/feed/update/urn:li:activity:7062976859331788800,2023-05-13 07:36:21
https://www.linkedin.com/feed/update/urn:li:activity:7061905191528218624,2023-05-10 05:40:09
https://www.linkedin.com/feed/update/urn:li:activity:7059055117869719552,2023-05-03 04:00:38
https://www.linkedin.com/feed/update/urn:li:activity:7058791180196564992,2023-05-01 16:31:33
https://www.linkedin.com/feed/update/urn:li:activity:7057576619464384512,2023-04-29 04:39:58
https://www.linkedin.com/feed/update/urn:li:activity:7057692740645523456,2023-04-29 04:39:06
https://www.linkedin.com/feed/update/urn:li:activity:7057199012684120065,2023-04-27 11:52:27
https://www.linkedin.com/feed/update/urn:li:activity:7056106984114110464,2023-04-24 07:19:12
https://www.linkedin.com/feed/update/urn:li:activity:7055404022425411584,2023-04-22 12:42:37
https://www.linkedin.com/feed/update/urn:li:activity:7055467342314577920,2023-04-22 12:41:16
https://www.linkedin.com/feed/update/urn:li:activity:7054867693794992128,2023-04-22 05:38:05
https://www.linkedin.com/feed/update/urn:li:activity:7054771603724795904,2023-04-20 13:30:38
https://www.linkedin.com/feed/update/urn:li:activity:7053604674075045888,2023-04-20 13:27:51
https://www.linkedin.com/feed/update/urn:li:activity:7054094462049759232,2023-04-18 14:58:51
https://www.linkedin.com/feed/update/urn:li:activity:7053312248127139840,2023-04-17 06:12:41
https://www.linkedin.com/feed/update/urn:li:activity:7051547314284367872,2023-04-16 08:21:09
https://www.linkedin.com/feed/update/urn:li:activity:7053267233262772224,2023-04-16 08:16:25
https://www.linkedin.com/feed/update/urn:li:activity:7052309462006546432,2023-04-15 14:23:35
https://www.linkedin.com/feed/update/urn:li:activity:7048185601157713920,2023-04-15 04:42:50
https://www.linkedin.com/feed/update/urn:li:activity:7052565401498472448,2023-04-14 14:51:12
https://www.linkedin.com/feed/update/urn:li:activity:7051176256125452288,2023-04-12 16:47:16
https://www.linkedin.com/feed/update/urn:li:activity:7050063285869510657,2023-04-07 16:51:29
https://www.linkedin.com/feed/update/urn:li:activity:7049941029793193984,2023-04-07 14:36:43
https://www.linkedin.com/feed/update/urn:li:activity:7049395406488666112,2023-04-06 15:35:12
https://www.linkedin.com/feed/update/urn:li:activity:7048978314291544064,2023-04-04 12:10:03
https://www.linkedin.com/feed/update/urn:li:activity:7047908690007371776,2023-04-01 14:07:20
https://www.linkedin.com/feed/update/urn:li:activity:7047914937666404352,2023-04-01 14:05:34
https://www.linkedin.com/feed/update/urn:li:activity:7047792180324634625,2023-04-01 05:44:57
https://www.linkedin.com/feed/update/urn:li:activity:7046847774042034176,2023-03-30 04:38:18
https://www.linkedin.com/feed/update/urn:li:activity:7046814066069094400,2023-03-29 14:02:19
https://www.linkedin.com/feed/update/urn:li:activity:7046815050111590400,2023-03-29 13:59:44
https://www.linkedin.com/feed/update/urn:li:activity:7046369309333368832,2023-03-28 14:56:45
https://www.linkedin.com/feed/update/urn:li:activity:7045364391478706176,2023-03-25 14:11:13
https://www.linkedin.com/feed/update/urn:li:activity:7044632159977943042,2023-03-23 18:10:31
https://www.linkedin.com/feed/update/urn:li:activity:7044287122526093313,2023-03-23 06:54:38
https://www.linkedin.com/feed/update/urn:li:activity:7040933724187729920,2023-03-13 08:52:09
https://www.linkedin.com/feed/update/urn:li:activity:7038782390411948034,2023-03-13 08:51:14
https://www.linkedin.com/feed/update/urn:li:activity:7040905347884081152,2023-03-13 08:50:37
https://www.linkedin.com/feed/update/urn:li:activity:7039414639746560000,2023-03-11 06:08:32
https://www.linkedin.com/feed/update/urn:li:activity:7038822423927955456,2023-03-07 13:36:51
https://www.linkedin.com/feed/update/urn:li:activity:7035153933945774080,2023-02-25 07:55:11
https://www.linkedin.com/feed/update/urn:li:activity:7034518223647629312,2023-02-25 07:54:32
https://www.linkedin.com/feed/update/urn:li:activity:7034745504433356800,2023-02-24 06:39:07
https://www.linkedin.com/feed/update/urn:li:activity:7034430904487837697,2023-02-24 06:29:55
https://www.linkedin.com/feed/update/urn:li:activity:7034542416594432002,2023-02-24 06:28:02
https://www.linkedin.com/feed/update/urn:li:activity:7033810226860486657,2023-02-22 06:21:26
https://www.linkedin.com/feed/update/urn:li:activity:7031592871308726272,2023-02-16 06:47:00
https://www.linkedin.com/feed/update/urn:li:activity:7031837420966875136,2023-02-16 06:45:14
https://www.linkedin.com/feed/update/urn:li:activity:7031872307597848576,2023-02-16 06:44:41
https://www.linkedin.com/feed/update/urn:li:activity:7030759063332282368,2023-02-13 05:10:18
https://www.linkedin.com/feed/update/urn:li:activity:7029699490269847552,2023-02-11 00:29:23
https://www.linkedin.com/feed/update/urn:li:activity:7029318791209566208,2023-02-09 09:41:43
https://www.linkedin.com/feed/update/urn:li:activity:7027246125749293056,2023-02-04 05:56:59
https://www.linkedin.com/feed/update/urn:li:activity:7022798332485935104,2023-01-25 14:22:28
https://www.linkedin.com/feed/update/urn:li:activity:7020634682677428224,2023-01-16 17:06:36
https://www.linkedin.com/feed/update/urn:li:activity:7017724069726892032,2023-01-13 15:38:02
https://www.linkedin.com/feed/update/urn:li:activity:7018780741215883264,2023-01-11 15:35:09
https://www.linkedin.com/feed/update/urn:li:activity:7016293057637572608,2023-01-10 15:55:05
https://www.linkedin.com/feed/update/urn:li:activity:7016788093215109121,2023-01-10 15:54:15
https://www.linkedin.com/feed/update/urn:li:activity:7015327622754672640,2023-01-02 15:35:18
https://www.linkedin.com/feed/update/urn:li:activity:7009880583908593664,2022-12-21 15:17:04
https://www.linkedin.com/feed/update/urn:li:activity:7010514176456482817,2022-12-19 17:57:54
https://www.linkedin.com/feed/update/urn:li:activity:7010149679204110336,2022-12-18 15:36:42
https://www.linkedin.com/feed/update/urn:li:activity:7009047176353890304,2022-12-15 09:28:34
https://www.linkedin.com/feed/update/urn:li:activity:7008660070225842176,2022-12-14 18:22:54
https://www.linkedin.com/feed/update/urn:li:activity:7007551885633052672,2022-12-12 15:17:57
https://www.linkedin.com/feed/update/urn:li:activity:7007609758840950784,2022-12-11 19:38:10
https://www.linkedin.com/feed/update/urn:li:activity:6997897988136136705,2022-12-10 16:06:51
https://www.linkedin.com/feed/update/urn:li:activity:7002519705836007424,2022-12-10 16:06:21
https://www.linkedin.com/feed/update/urn:li:activity:7007238692570329088,2022-12-10 16:05:54
https://www.linkedin.com/feed/update/urn:li:activity:7005009845435174912,2022-12-04 05:41:26
https://www.linkedin.com/feed/update/urn:li:activity:7004442837257732096,2022-12-03 04:43:46
https://www.linkedin.com/feed/update/urn:li:activity:7004390902018297856,2022-12-02 15:36:28
https://www.linkedin.com/feed/update/urn:li:activity:7003559512850739200,2022-11-30 16:02:31
https://www.linkedin.com/feed/update/urn:li:activity:7001213628381040641,2022-11-24 15:35:51
https://www.linkedin.com/feed/update/urn:li:activity:6999866617375395840,2022-11-20 06:19:03
https://www.linkedin.com/feed/update/urn:li:activity:6996778764080742400,2022-11-20 05:02:32
https://www.linkedin.com/feed/update/urn:li:activity:6994227857723961344,2022-11-16 15:39:31
https://www.linkedin.com/feed/update/urn:li:activity:6997187295707615232,2022-11-13 15:59:48
https://www.linkedin.com/feed/update/urn:li:activity:6995744926818791426,2022-11-09 09:47:41
https://www.linkedin.com/feed/update/urn:li:activity:6995255899275575297,2022-11-07 13:11:14
https://www.linkedin.com/feed/update/urn:li:activity:6994256799688220672,2022-11-06 06:12:21
https://www.linkedin.com/feed/update/urn:li:activity:6994615221143146496,2022-11-06 06:11:44
https://www.linkedin.com/feed/update/urn:li:activity:6990212747976159233,2022-10-25 03:52:25
https://www.linkedin.com/feed/update/urn:li:activity:6989472140534116352,2022-10-22 15:03:58
https://www.linkedin.com/feed/update/urn:li:activity:6989478805136379904,2022-10-22 10:47:45
https://www.linkedin.com/feed/update/urn:li:activity:6987645884066852864,2022-10-17 12:38:29
https://www.linkedin.com/feed/update/urn:li:activity:6987611699772043264,2022-10-17 12:38:17
https://www.linkedin.com/feed/update/urn:li:activity:6984761566860636160,2022-10-16 05:03:51
https://www.linkedin.com/feed/update/urn:li:activity:6985837325813485568,2022-10-12 07:42:16
https://www.linkedin.com/feed/update/urn:li:activity:6984369310353797120,2022-10-11 10:37:11
https://www.linkedin.com/feed/update/urn:li:activity:6984860108765712384,2022-10-09 13:59:12
https://www.linkedin.com/feed/update/urn:li:activity:6984020301281939456,2022-10-08 15:26:07
https://www.linkedin.com/feed/update/urn:li:activity:6984136028169093120,2022-10-08 15:25:11
https://www.linkedin.com/feed/update/urn:li:activity:6983287330983825408,2022-10-06 05:48:56
https://www.linkedin.com/feed/update/urn:li:activity:6983292832081997825,2022-10-06 05:48:19
https://www.linkedin.com/feed/update/urn:li:activity:6981672863598559232,2022-10-03 05:45:24
https://www.linkedin.com/feed/update/urn:li:activity:6981142726368989184,2022-09-29 20:23:34
https://www.linkedin.com/feed/update/urn:li:activity:6980726887899684864,2022-09-29 06:36:34
https://www.linkedin.com/feed/update/urn:li:activity:6980398946758078464,2022-09-27 08:59:45
https://www.linkedin.com/feed/update/urn:li:activity:6980035009034235904,2022-09-27 08:59:21
https://www.linkedin.com/feed/update/urn:li:activity:6978964041008320513,2022-09-23 13:45:58
https://www.linkedin.com/feed/update/urn:li:activity:6978638116588785664,2022-09-22 16:31:34
https://www.linkedin.com/feed/update/urn:li:activity:6978231963488792578,2022-09-21 08:30:34
https://www.linkedin.com/feed/update/urn:li:activity:6977486172822360064,2022-09-20 12:14:06
https://www.linkedin.com/feed/update/urn:li:activity:6977863233864908800,2022-09-20 12:12:37
https://www.linkedin.com/feed/update/urn:li:activity:6977849660518354944,2022-09-20 12:10:30
https://www.linkedin.com/feed/update/urn:li:activity:6977252089039085568,2022-09-19 05:47:50
https://www.linkedin.com/feed/update/urn:li:activity:6975809715675041792,2022-09-17 04:29:12
https://www.linkedin.com/feed/update/urn:li:activity:6973265343725092864,2022-09-08 11:31:03
https://www.linkedin.com/feed/update/urn:li:activity:6973508514627375104,2022-09-08 07:42:16
https://www.linkedin.com/feed/update/urn:li:activity:6971486800045318145,2022-09-03 05:52:12
https://www.linkedin.com/feed/update/urn:li:activity:6970071837338681344,2022-08-30 07:45:30
https://www.linkedin.com/feed/update/urn:li:activity:6969989836564774912,2022-08-30 03:27:26
https://www.linkedin.com/feed/update/urn:li:activity:6969954340077776897,2022-08-29 12:28:26
https://www.linkedin.com/feed/update/urn:li:activity:6969549034503962625,2022-08-29 04:30:31
https://www.linkedin.com/feed/update/urn:li:activity:6969511435378810880,2022-08-28 04:54:15
https://www.linkedin.com/feed/update/urn:li:activity:6969515307677696000,2022-08-28 04:52:33
https://www.linkedin.com/feed/update/urn:li:activity:6968455215821778944,2022-08-25 07:36:52
https://www.linkedin.com/feed/update/urn:li:activity:6968242608934375424,2022-08-25 07:35:32
https://www.linkedin.com/feed/update/urn:li:activity:6968441274706112513,2022-08-25 06:09:32
https://www.linkedin.com/feed/update/urn:li:activity:6966762386024247296,2022-08-23 14:34:32
https://www.linkedin.com/feed/update/urn:li:activity:6967796818587860992,2022-08-23 14:34:07
https://www.linkedin.com/feed/update/urn:li:activity:6967725648383488000,2022-08-23 14:25:34
https://www.linkedin.com/feed/update/urn:li:activity:6965899949951631360,2022-08-18 12:57:47
https://www.linkedin.com/feed/update/urn:li:activity:6964825755507732480,2022-08-15 07:40:47
https://www.linkedin.com/feed/update/urn:li:activity:6964570719858929664,2022-08-14 15:11:22
https://www.linkedin.com/feed/update/urn:li:activity:6963763992313892864,2022-08-12 11:53:35
https://www.linkedin.com/feed/update/urn:li:activity:6963064152726663169,2022-08-11 05:07:16
https://www.linkedin.com/feed/update/urn:li:activity:6962264299733995520,2022-08-09 06:57:23
https://www.linkedin.com/feed/update/urn:li:activity:6959351390385188864,2022-07-31 14:20:53
https://www.linkedin.com/feed/update/urn:li:activity:6959011096007454720,2022-07-30 12:39:01
https://www.linkedin.com/feed/update/urn:li:activity:6957663279494127617,2022-07-26 12:39:10
https://www.linkedin.com/feed/update/urn:li:activity:6956901188202078208,2022-07-24 12:43:50
https://www.linkedin.com/feed/update/urn:li:activity:6954443701276270592,2022-07-18 08:41:15
https://www.linkedin.com/feed/update/urn:li:activity:6949342591876259840,2022-07-03 14:54:45
https://www.linkedin.com/feed/update/urn:li:activity:6948489665037369344,2022-07-01 11:35:09
https://www.linkedin.com/feed/update/urn:li:activity:6948130589803704320,2022-06-30 12:00:34
https://www.linkedin.com/feed/update/urn:li:activity:6948221577276633088,2022-06-30 12:00:06
https://www.linkedin.com/feed/update/urn:li:activity:6947116440244113409,2022-06-28 16:35:04
https://www.linkedin.com/feed/update/urn:li:activity:6947191521519538176,2022-06-28 16:34:46
https://www.linkedin.com/feed/update/urn:li:activity:6947491991777648641,2022-06-28 16:34:22
https://www.linkedin.com/feed/update/urn:li:activity:6946686708235022336,2022-06-26 15:50:39
https://www.linkedin.com/feed/update/urn:li:activity:6946753984162340864,2022-06-26 15:48:50
https://www.linkedin.com/feed/update/urn:li:activity:6944176059261022209,2022-06-19 13:09:29
https://www.linkedin.com/feed/update/urn:li:activity:6942506578424016896,2022-06-15 05:18:15
https://www.linkedin.com/feed/update/urn:li:activity:6941562305373433856,2022-06-12 06:08:53
https://www.linkedin.com/feed/update/urn:li:activity:6940627715888660480,2022-06-10 02:39:28
https://www.linkedin.com/feed/update/urn:li:activity:6939084970351034368,2022-06-06 05:22:04
https://www.linkedin.com/feed/update/urn:li:activity:6932989883019837440,2022-05-19 11:30:57
https://www.linkedin.com/feed/update/urn:li:activity:6929355616465346560,2022-05-11 08:23:26
https://www.linkedin.com/feed/update/urn:li:activity:6929689250195980288,2022-05-11 08:22:42
https://www.linkedin.com/feed/update/urn:li:activity:6929004985695227904,2022-05-08 16:47:57
https://www.linkedin.com/feed/update/urn:li:activity:6929019642434699264,2022-05-08 16:47:21
https://www.linkedin.com/feed/update/urn:li:activity:6928664890135977984,2022-05-08 12:32:07
https://www.linkedin.com/feed/update/urn:li:activity:6926779914213830656,2022-05-05 15:00:25
https://www.linkedin.com/feed/update/urn:li:activity:6927101780086444032,2022-05-05 07:07:14
https://www.linkedin.com/feed/update/urn:li:activity:6925425665798205440,2022-04-30 11:32:32
https://www.linkedin.com/feed/update/urn:li:activity:6925373785743208448,2022-04-28 15:13:46
https://www.linkedin.com/feed/update/urn:li:activity:6924984377110065153,2022-04-28 05:52:47
https://www.linkedin.com/feed/update/urn:li:activity:6924941873983754240,2022-04-28 05:51:49
https://www.linkedin.com/feed/update/urn:li:activity:6924217004807655424,2022-04-25 11:13:12
https://www.linkedin.com/feed/update/urn:li:activity:6924308707551895552,2022-04-25 11:12:47
https://www.linkedin.com/feed/update/urn:li:activity:6923872704227860480,2022-04-24 15:48:37
https://www.linkedin.com/feed/update/urn:li:activity:6923881856513757184,2022-04-24 15:46:18
https://www.linkedin.com/feed/update/urn:li:activity:6923158890016636929,2022-04-22 10:30:49
https://www.linkedin.com/feed/update/urn:li:activity:6922877845262217216,2022-04-22 10:28:53
https://www.linkedin.com/feed/update/urn:li:activity:6923184052808130560,2022-04-22 10:23:56
https://www.linkedin.com/feed/update/urn:li:activity:6922854614694260736,2022-04-22 10:23:40
https://www.linkedin.com/feed/update/urn:li:activity:6920365785332764672,2022-04-15 04:43:44
https://www.linkedin.com/feed/update/urn:li:activity:6918526706022563840,2022-04-12 16:21:59
https://www.linkedin.com/feed/update/urn:li:activity:6915227014438240256,2022-04-12 16:14:07
https://www.linkedin.com/feed/update/urn:li:activity:6919646894675660800,2022-04-12 16:09:08
https://www.linkedin.com/feed/update/urn:li:activity:6919197344798265344,2022-04-11 11:16:36
https://www.linkedin.com/feed/update/urn:li:activity:6918906262499815424,2022-04-10 18:46:35
https://www.linkedin.com/feed/update/urn:li:activity:6918422294608400384,2022-04-10 04:33:00
https://www.linkedin.com/feed/update/urn:li:activity:6916597380041588736,2022-04-05 15:34:10
https://www.linkedin.com/feed/update/urn:li:activity:6915526058851127297,2022-04-04 03:26:53
https://www.linkedin.com/feed/update/urn:li:activity:6916291641905442816,2022-04-04 03:26:29
https://www.linkedin.com/feed/update/urn:li:activity:6916028769585532928,2022-04-03 04:51:38
https://www.linkedin.com/feed/update/urn:li:activity:6915573707977474049,2022-04-02 14:39:10
https://www.linkedin.com/feed/update/urn:li:activity:6915232875931914241,2022-04-01 06:52:36
https://www.linkedin.com/feed/update/urn:li:activity:6912297381531189248,2022-03-24 04:34:03
https://www.linkedin.com/feed/update/urn:li:activity:6912373495968514048,2022-03-23 15:29:13
https://www.linkedin.com/feed/update/urn:li:activity:6911625326246690816,2022-03-21 15:34:54
https://www.linkedin.com/feed/update/urn:li:activity:6911186312121257985,2022-03-20 16:50:02
https://www.linkedin.com/feed/update/urn:li:activity:6911273006480683008,2022-03-20 16:49:30
https://www.linkedin.com/feed/update/urn:li:activity:6910141084677419009,2022-03-17 15:01:47
https://www.linkedin.com/feed/update/urn:li:activity:6910160015051956224,2022-03-17 15:01:17
https://www.linkedin.com/feed/update/urn:li:activity:6909421853136625664,2022-03-16 08:09:46
https://www.linkedin.com/feed/update/urn:li:activity:6907939322486501376,2022-03-11 14:37:41
https://www.linkedin.com/feed/update/urn:li:activity:6907885211691184128,2022-03-11 14:36:52
https://www.linkedin.com/feed/update/urn:li:activity:6906793954994483201,2022-03-11 12:14:03
https://www.linkedin.com/feed/update/urn:li:activity:6907673656349093888,2022-03-10 14:32:38
https://www.linkedin.com/feed/update/urn:li:activity:6906475902625038336,2022-03-07 14:40:34
https://www.linkedin.com/feed/update/urn:li:activity:6898634572884430848,2022-02-13 15:51:44
https://www.linkedin.com/feed/update/urn:li:activity:6896300094132494336,2022-02-07 06:14:15
https://www.linkedin.com/feed/update/urn:li:activity:6888408614977990656,2022-01-17 08:20:39
https://www.linkedin.com/feed/update/urn:li:activity:6861885150901477376,2021-11-24 09:40:41
https://www.linkedin.com/feed/update/urn:li:activity:6866353262925234176,2021-11-17 02:13:58
https://www.linkedin.com/feed/update/urn:li:activity:6866352818245140480,2021-11-17 02:13:26
https://www.linkedin.com/feed/update/urn:li:activity:6860451328733315073,2021-11-01 12:12:13
https://www.linkedin.com/feed/update/urn:li:activity:6839162211311734785,2021-09-27 15:36:47
https://www.linkedin.com/feed/update/urn:li:activity:6837368854654554112,2021-09-03 06:30:16
https://www.linkedin.com/feed/update/urn:li:activity:6783887645383647232,2021-04-08 15:09:51
https://www.linkedin.com/feed/update/urn:li:activity:6772351834666401792,2021-03-10 11:11:30
https://www.linkedin.com/feed/update/urn:li:activity:6766085439628574720,2021-02-17 08:18:02
https://www.linkedin.com/feed/update/urn:li:activity:6751794747742015489,2021-01-05 12:58:34
https://www.linkedin.com/feed/update/urn:li:activity:6748917801190256640,2020-12-27 17:28:41
